{"cameraMode":{"drawMode":0,"name":"Shaded","section":"Shading Mode"},"sceneLighting":true,"audioPlay":false,"sceneViewState":{"m_AlwaysRefresh":false,"showFog":true,"showSkybox":true,"showFlares":true,"showImageEffects":true,"showParticleSystems":true,"showVisualEffectGraphs":true,"m_FxEnabled":true},"in2DMode":false,"pivot":{"x":9.623466491699219,"y":-24.299861907958986,"z":-195.89730834960938},"rotation":{"x":-0.07595289498567581,"y":0.9080025553703308,"z":-0.18813887238502503,"w":-0.36656832695007326},"size":46.296573638916019,"orthographic":false}